{"PlayerLevel":1,"PlayerHP":10.0,"PlayerPosition":[81.633194,9.567287,76.01516]}