{"PlayerLevel":3,"PlayerXp":43.0,"PlayerRequiredXp":276.0,"PlayerHP":12.0450592,"PlayerArmor":1.0,"PlayerPosition":[370.808929,7.371895,185.5249],"EnamyPosition":[[310.5113,15.6141644,175.51709],[273.05304,10.5247869,181.964233],[321.535065,14.1586447,161.559235],[399.139374,10.1576481,139.474426],[404.1452,11.1739635,147.169586]],"EnamyHealth":[8.0,8.0,8.0,8.0,8.0],"EnamyType":[1,1,0,2,2]}