{"PlayerLevel":1,"PlayerXp":0.0,"PlayerRequiredXp":83.0,"PlayerHP":10.0,"PlayerArmor":4.0,"PlayerPosition":[103.41465,16.70568,104.800751],"EnamyPosition":[[208.0852,16.5233574,128.0921],[109.857742,20.80295,116.798706],[110.240044,18.2878227,114.500313],[146.156815,16.8041439,108.45668],[112.088608,18.1654148,113.611572],[109.208176,17.60596,106.613],[401.715454,23.0,248.54007]],"EnamyHealth":[8.0,8.0,8.0,5.0,8.0,5.0,8.0],"EnamyType":[0,0,1,1,2,2,3]}