{"PlayerLevel":1,"PlayerHP":10.0,"PlayerArmor":3.46000051,"PlayerPosition":[85.7095642,16.7120972,96.3776855]}