{"PlayerLevel":2,"PlayerXp":137.0,"PlayerRequiredXp":174.0,"PlayerHP":10.98,"PlayerArmor":4.0,"PlayerPosition":[77.2229843,22.1649628,185.278763]}